{
  "modules":[
    {"title":"Ambrozia","url":"demomods/Ambrozia.xm","icon":"xm","info":"979k"},
    {"title":"Aqua","url":"demomods/aws_aqua.xm","icon":"xm","info":"1.2M"},
    {"title":"Aurora","url":"demomods/aurora.mod","icon":"mod","info":"110k"},
    {"title":"Demo Music","url":"demomods/demomusic.mod","icon":"mod","info":"50k"},
    {"title":"DKM Cass'ice raining","url":"demomods/dkm.cassicerainin.mod","icon":"mod","info":"79k"},
    {"title":"DKM Po'steel mill","url":"demomods/dkm.posteel-mill.mod","icon":"mod","info":"121k"},
    {"title":"Enigma","url":"https://www.stef.be/amiga/mod/enigma.mod","icon":"mod","info":"183k"},
    {"title":"Elek Funk !","url":"https://www.stef.be/amiga/mod/elekfunk.mod","icon":"mod","info":"220k"},
    {"title":"External","url":"demomods/external.xm","icon":"xm","info":"51k"},
    {"title":"Guitar Slinger","url":"https://www.stef.be/amiga/mod/gslinger.mod","icon":"mod","info":"397k"},
    {"title":"Haste","url":"https://www.stef.be/amiga/mod/woutervl_haste.mod","icon":"mod","info":"119k"},
    {"title":"Heximal_snow.xm","url":"demomods/heximal_snow.xm","icon":"xm","info":"58k"},
    {"title":"Onward","url":"demomods/Jugi-Onward.xm","icon":"xm","info":"658k"},
    {"title":"Profession tracker","url":"demomods/hoffman_and_daytripper_-_professional_tracker.mod","icon":"mod","info":"1.7M"},
    {"title":"Scrambled Mind","url":"https://www.stef.be/amiga/mod/scrambld.mod","icon":"mod","info":"160k"},
    {"title":"Sounds of da Lunatic","url":"demomods/sound-of-da-lunatic.mod","icon":"mod","info":"315k"},
    {"title":"Space Song","url":"https://www.stef.be/amiga/mod/space-song.mod","icon":"mod","info":"100k"},
    {"title":"Startdust Memories","url":"demomods/StardustMemories.mod","icon":"mod","info":"151k"},
    {"title":"Street Jungle","url":"https://www.stef.be/amiga/mod/street_j.mod","icon":"mod","info":"136k"},
    {"title":"Tiny tune","url":"demomods/Tinytune.mod","icon":"mod","info":"43k"},
    {"title":"2-Channels: Worlds News","url":"demomods/worlds_news.mod","icon":"mod","info":"27k"},
    {"title":"8-Channels: Block Shocking 'Blitz","url":"demomods/AceMan.mod","icon":"mod","info":"616k"},
    {"title":"16-Channels: Town of Yedo","url":"demomods/yedo.mod","icon":"mod","info":"199k"},
    {"title":"28-Channels: Dope","url":"demomods/dope.mod","icon":"mod","info":"935k"},
    {"title":"32-Channels: Thrones","url":"demomods/thrones.mod","icon":"mod","info":"644k"},
    {"title":"62-Channels: Forever Young XM","url":"demomods/maran_4ever_young.xm","icon":"xm","info":"1.4M"},
    {"title":"Effect tests","info":"+11","children":[
      {"title":"Test Arpeggio","url":"demomods/test/arpeggio.mod","icon":"mod"},
      {"title":"Test Vibrato","url":"demomods/test/vibrato.mod","icon":"mod"},
      {"title":"Test Tremolo","url":"demomods/test/tremolo.mod","icon":"mod"},
      {"title":"Test Slide To Note","url":"demomods/test/slide_to_note.mod","icon":"mod"},
      {"title":"Test Volume Slide","url":"demomods/test/volume_slide.mod","icon":"mod"},
      {"title":"Test sample number without note","url":"demomods/test/nugget - frust.mod","icon":"mod"},
      {"title":"Test Slide","url":"demomods/test/slide.mod","icon":"mod"},
      {"title":"Test Fine Slide","url":"demomods/test/fine_slide.mod","icon":"mod"},
      {"title":"Test Glissando","url":"demomods/test/glissando.mod","icon":"mod"},
      {"title":"Test Sample Delay","url":"demomods/test/sample-delay-E13.mod","icon":"mod"},
      {"title":"Test Sample Offset","url":"demomods/test/sampleoffset.mod","icon":"mod"}
    ],"isExpanded": false}
  ]
}