{
  "samples":[
    {"title":"AccGit","url":"https://www.stef.be/amiga/samples/st-02/AccGit"},
    {"title":"accordion","url":"https://www.stef.be/amiga/samples/st-02/accordion"},
    {"title":"AcoPiano","url":"https://www.stef.be/amiga/samples/st-02/AcoPiano"},
    {"title":"aeh","url":"https://www.stef.be/amiga/samples/st-02/aeh"},
    {"title":"AhhVox","url":"https://www.stef.be/amiga/samples/st-02/AhhVox"},
    {"title":"Alcom","url":"https://www.stef.be/amiga/samples/st-02/Alcom"},
    {"title":"Aloog","url":"https://www.stef.be/amiga/samples/st-02/Aloog"},
    {"title":"baba","url":"https://www.stef.be/amiga/samples/st-02/baba"},
    {"title":"Balance","url":"https://www.stef.be/amiga/samples/st-02/Balance"},
    {"title":"BassDrum5","url":"https://www.stef.be/amiga/samples/st-02/BassDrum5"},
    {"title":"bassdrum8","url":"https://www.stef.be/amiga/samples/st-02/bassdrum8"},
    {"title":"Blower","url":"https://www.stef.be/amiga/samples/st-02/Blower"},
    {"title":"Bouncy","url":"https://www.stef.be/amiga/samples/st-02/Bouncy"},
    {"title":"Bratz","url":"https://www.stef.be/amiga/samples/st-02/Bratz"},
    {"title":"break","url":"https://www.stef.be/amiga/samples/st-02/break"},
    {"title":"Brian","url":"https://www.stef.be/amiga/samples/st-02/Brian"},
    {"title":"Bright","url":"https://www.stef.be/amiga/samples/st-02/Bright"},
    {"title":"Bubble","url":"https://www.stef.be/amiga/samples/st-02/Bubble"},
    {"title":"China","url":"https://www.stef.be/amiga/samples/st-02/China"},
    {"title":"Cliop","url":"https://www.stef.be/amiga/samples/st-02/Cliop"},
    {"title":"CordPiano","url":"https://www.stef.be/amiga/samples/st-02/CordPiano"},
    {"title":"Cowbell2","url":"https://www.stef.be/amiga/samples/st-02/Cowbell2"},
    {"title":"Cymbal1","url":"https://www.stef.be/amiga/samples/st-02/Cymbal1"},
    {"title":"Cymbal2","url":"https://www.stef.be/amiga/samples/st-02/Cymbal2"},
    {"title":"DigiPop","url":"https://www.stef.be/amiga/samples/st-02/DigiPop"},
    {"title":"DumpfBass","url":"https://www.stef.be/amiga/samples/st-02/DumpfBass"},
    {"title":"ElecGuitar","url":"https://www.stef.be/amiga/samples/st-02/ElecGuitar"},
    {"title":"EloPin","url":"https://www.stef.be/amiga/samples/st-02/EloPin"},
    {"title":"fatbrass","url":"https://www.stef.be/amiga/samples/st-02/fatbrass"},
    {"title":"Friday","url":"https://www.stef.be/amiga/samples/st-02/Friday"},
    {"title":"GlassMute","url":"https://www.stef.be/amiga/samples/st-02/GlassMute"},
    {"title":"Glockenspiel","url":"https://www.stef.be/amiga/samples/st-02/Glockenspiel"},
    {"title":"Growl","url":"https://www.stef.be/amiga/samples/st-02/Growl"},
    {"title":"guitar1","url":"https://www.stef.be/amiga/samples/st-02/guitar1"},
    {"title":"ha","url":"https://www.stef.be/amiga/samples/st-02/ha"},
    {"title":"HammerBass","url":"https://www.stef.be/amiga/samples/st-02/HammerBass"},
    {"title":"Hapsi","url":"https://www.stef.be/amiga/samples/st-02/Hapsi"},
    {"title":"he","url":"https://www.stef.be/amiga/samples/st-02/he"},
    {"title":"HighVibes","url":"https://www.stef.be/amiga/samples/st-02/HighVibes"},
    {"title":"HiHat3","url":"https://www.stef.be/amiga/samples/st-02/HiHat3"},
    {"title":"HiHat4","url":"https://www.stef.be/amiga/samples/st-02/HiHat4"},
    {"title":"HitBass","url":"https://www.stef.be/amiga/samples/st-02/HitBass"},
    {"title":"HitMe1","url":"https://www.stef.be/amiga/samples/st-02/HitMe1"},
    {"title":"HitMe2","url":"https://www.stef.be/amiga/samples/st-02/HitMe2"},
    {"title":"HosBass","url":"https://www.stef.be/amiga/samples/st-02/HosBass"},
    {"title":"IceRain","url":"https://www.stef.be/amiga/samples/st-02/IceRain"},
    {"title":"importdev","url":"https://www.stef.be/amiga/samples/st-02/importdev"},
    {"title":"JamJam","url":"https://www.stef.be/amiga/samples/st-02/JamJam"},
    {"title":"k","url":"https://www.stef.be/amiga/samples/st-02/k"},
    {"title":"kermie1","url":"https://www.stef.be/amiga/samples/st-02/kermie1"},
    {"title":"kermie2","url":"https://www.stef.be/amiga/samples/st-02/kermie2"},
    {"title":"kermie3","url":"https://www.stef.be/amiga/samples/st-02/kermie3"},
    {"title":"kermie4","url":"https://www.stef.be/amiga/samples/st-02/kermie4"},
    {"title":"kermie5","url":"https://www.stef.be/amiga/samples/st-02/kermie5"},
    {"title":"kermie6","url":"https://www.stef.be/amiga/samples/st-02/kermie6"},
    {"title":"kermie7","url":"https://www.stef.be/amiga/samples/st-02/kermie7"},
    {"title":"Licks2","url":"https://www.stef.be/amiga/samples/st-02/Licks2"},
    {"title":"linnkick","url":"https://www.stef.be/amiga/samples/st-02/linnkick"},
    {"title":"LongSlap","url":"https://www.stef.be/amiga/samples/st-02/LongSlap"},
    {"title":"master","url":"https://www.stef.be/amiga/samples/st-02/master"},
    {"title":"MilBass","url":"https://www.stef.be/amiga/samples/st-02/MilBass"},
    {"title":"MiniMoog","url":"https://www.stef.be/amiga/samples/st-02/MiniMoog"},
    {"title":"Monkey","url":"https://www.stef.be/amiga/samples/st-02/Monkey"},
    {"title":"o","url":"https://www.stef.be/amiga/samples/st-02/o"},
    {"title":"ok","url":"https://www.stef.be/amiga/samples/st-02/ok"},
    {"title":"Paper","url":"https://www.stef.be/amiga/samples/st-02/Paper"},
    {"title":"Peck","url":"https://www.stef.be/amiga/samples/st-02/Peck"},
    {"title":"Perc-Agogo","url":"https://www.stef.be/amiga/samples/st-02/Perc-Agogo"},
    {"title":"Perc-Bongo","url":"https://www.stef.be/amiga/samples/st-02/Perc-Bongo"},
    {"title":"perc-drytom","url":"https://www.stef.be/amiga/samples/st-02/perc-drytom"},
    {"title":"Perc-HandDrum","url":"https://www.stef.be/amiga/samples/st-02/Perc-HandDrum"},
    {"title":"Perc-Taiko","url":"https://www.stef.be/amiga/samples/st-02/Perc-Taiko"},
    {"title":"Perc-Timbale","url":"https://www.stef.be/amiga/samples/st-02/Perc-Timbale"},
    {"title":"Perc-Timpani","url":"https://www.stef.be/amiga/samples/st-02/Perc-Timpani"},
    {"title":"PinVoice","url":"https://www.stef.be/amiga/samples/st-02/PinVoice"},
    {"title":"PitchBrass","url":"https://www.stef.be/amiga/samples/st-02/PitchBrass"},
    {"title":"Pizza2","url":"https://www.stef.be/amiga/samples/st-02/Pizza2"},
    {"title":"Poison","url":"https://www.stef.be/amiga/samples/st-02/Poison"},
    {"title":"RealKoto1","url":"https://www.stef.be/amiga/samples/st-02/RealKoto1"},
    {"title":"RealKoto2","url":"https://www.stef.be/amiga/samples/st-02/RealKoto2"},
    {"title":"Reflex","url":"https://www.stef.be/amiga/samples/st-02/Reflex"},
    {"title":"Reverb2","url":"https://www.stef.be/amiga/samples/st-02/Reverb2"},
    {"title":"ridecymbal","url":"https://www.stef.be/amiga/samples/st-02/ridecymbal"},
    {"title":"Ringtone","url":"https://www.stef.be/amiga/samples/st-02/Ringtone"},
    {"title":"s","url":"https://www.stef.be/amiga/samples/st-02/s"},
    {"title":"SawJump","url":"https://www.stef.be/amiga/samples/st-02/SawJump"},
    {"title":"Sequencer","url":"https://www.stef.be/amiga/samples/st-02/Sequencer"},
    {"title":"servant","url":"https://www.stef.be/amiga/samples/st-02/servant"},
    {"title":"Sinbad","url":"https://www.stef.be/amiga/samples/st-02/Sinbad"},
    {"title":"SingerBell","url":"https://www.stef.be/amiga/samples/st-02/SingerBell"},
    {"title":"Siren","url":"https://www.stef.be/amiga/samples/st-02/Siren"},
    {"title":"slapbass2","url":"https://www.stef.be/amiga/samples/st-02/slapbass2"},
    {"title":"SmartBrass","url":"https://www.stef.be/amiga/samples/st-02/SmartBrass"},
    {"title":"Snare6","url":"https://www.stef.be/amiga/samples/st-02/Snare6"},
    {"title":"Snare7","url":"https://www.stef.be/amiga/samples/st-02/Snare7"},
    {"title":"Snare8","url":"https://www.stef.be/amiga/samples/st-02/Snare8"},
    {"title":"Snare9","url":"https://www.stef.be/amiga/samples/st-02/Snare9"},
    {"title":"snare10","url":"https://www.stef.be/amiga/samples/st-02/snare10"},
    {"title":"snx.drum2","url":"https://www.stef.be/amiga/samples/st-02/snx.drum2"},
    {"title":"snx.drum3","url":"https://www.stef.be/amiga/samples/st-02/snx.drum3"},
    {"title":"SoloBass","url":"https://www.stef.be/amiga/samples/st-02/SoloBass"},
    {"title":"SpeOwl","url":"https://www.stef.be/amiga/samples/st-02/SpeOwl"},
    {"title":"Spoils","url":"https://www.stef.be/amiga/samples/st-02/Spoils"},
    {"title":"SqBrass","url":"https://www.stef.be/amiga/samples/st-02/SqBrass"},
    {"title":"Squint","url":"https://www.stef.be/amiga/samples/st-02/Squint"},
    {"title":"Starpeace","url":"https://www.stef.be/amiga/samples/st-02/Starpeace"},
    {"title":"Stars","url":"https://www.stef.be/amiga/samples/st-02/Stars"},
    {"title":"stoehn","url":"https://www.stef.be/amiga/samples/st-02/stoehn"},
    {"title":"stringsc","url":"https://www.stef.be/amiga/samples/st-02/stringsc"},
    {"title":"swoop","url":"https://www.stef.be/amiga/samples/st-02/swoop"},
    {"title":"SynBuz","url":"https://www.stef.be/amiga/samples/st-02/SynBuz"},
    {"title":"SynPia","url":"https://www.stef.be/amiga/samples/st-02/SynPia"},
    {"title":"Take","url":"https://www.stef.be/amiga/samples/st-02/Take"},
    {"title":"Tallic","url":"https://www.stef.be/amiga/samples/st-02/Tallic"},
    {"title":"TeaPiano","url":"https://www.stef.be/amiga/samples/st-02/TeaPiano"},
    {"title":"Telephone","url":"https://www.stef.be/amiga/samples/st-02/Telephone"},
    {"title":"Trio","url":"https://www.stef.be/amiga/samples/st-02/Trio"},
    {"title":"Tubes","url":"https://www.stef.be/amiga/samples/st-02/Tubes"},
    {"title":"WarmBells","url":"https://www.stef.be/amiga/samples/st-02/WarmBells"},
    {"title":"Warmth","url":"https://www.stef.be/amiga/samples/st-02/Warmth"},
    {"title":"YaskMe","url":"https://www.stef.be/amiga/samples/st-02/YaskMe"}
  ]
}