{
  "samples":[
    {"title":"Banjo1","url":"https://www.stef.be/amiga/samples/st-04/Banjo1"},
    {"title":"Bass1","url":"https://www.stef.be/amiga/samples/st-04/Bass1"},
    {"title":"Bass2","url":"https://www.stef.be/amiga/samples/st-04/Bass2"},
    {"title":"Bass3","url":"https://www.stef.be/amiga/samples/st-04/Bass3"},
    {"title":"Bass4","url":"https://www.stef.be/amiga/samples/st-04/Bass4"},
    {"title":"Bass5","url":"https://www.stef.be/amiga/samples/st-04/Bass5"},
    {"title":"Bass6","url":"https://www.stef.be/amiga/samples/st-04/Bass6"},
    {"title":"Bdrum1","url":"https://www.stef.be/amiga/samples/st-04/Bdrum1"},
    {"title":"Bdrum2","url":"https://www.stef.be/amiga/samples/st-04/Bdrum2"},
    {"title":"Bdrum3","url":"https://www.stef.be/amiga/samples/st-04/Bdrum3"},
    {"title":"Bdrum4","url":"https://www.stef.be/amiga/samples/st-04/Bdrum4"},
    {"title":"Blech1","url":"https://www.stef.be/amiga/samples/st-04/Blech1"},
    {"title":"Blech2","url":"https://www.stef.be/amiga/samples/st-04/Blech2"},
    {"title":"Blech3","url":"https://www.stef.be/amiga/samples/st-04/Blech3"},
    {"title":"Blech4","url":"https://www.stef.be/amiga/samples/st-04/Blech4"},
    {"title":"Blech5","url":"https://www.stef.be/amiga/samples/st-04/Blech5"},
    {"title":"Blub1","url":"https://www.stef.be/amiga/samples/st-04/Blub1"},
    {"title":"Blub2","url":"https://www.stef.be/amiga/samples/st-04/Blub2"},
    {"title":"Bongo1","url":"https://www.stef.be/amiga/samples/st-04/Bongo1"},
    {"title":"Bsynth1","url":"https://www.stef.be/amiga/samples/st-04/Bsynth1"},
    {"title":"Bsynth2","url":"https://www.stef.be/amiga/samples/st-04/Bsynth2"},
    {"title":"Bsynth3","url":"https://www.stef.be/amiga/samples/st-04/Bsynth3"},
    {"title":"Bsynth4","url":"https://www.stef.be/amiga/samples/st-04/Bsynth4"},
    {"title":"Bsynth5","url":"https://www.stef.be/amiga/samples/st-04/Bsynth5"},
    {"title":"Burp1","url":"https://www.stef.be/amiga/samples/st-04/Burp1"},
    {"title":"Burpa1","url":"https://www.stef.be/amiga/samples/st-04/Burpa1"},
    {"title":"Chopper1","url":"https://www.stef.be/amiga/samples/st-04/Chopper1"},
    {"title":"Chor1","url":"https://www.stef.be/amiga/samples/st-04/Chor1"},
    {"title":"Claps1","url":"https://www.stef.be/amiga/samples/st-04/Claps1"},
    {"title":"Com1","url":"https://www.stef.be/amiga/samples/st-04/Com1"},
    {"title":"Com2","url":"https://www.stef.be/amiga/samples/st-04/Com2"},
    {"title":"Com3","url":"https://www.stef.be/amiga/samples/st-04/Com3"},
    {"title":"Com4","url":"https://www.stef.be/amiga/samples/st-04/Com4"},
    {"title":"Com5","url":"https://www.stef.be/amiga/samples/st-04/Com5"},
    {"title":"Com6","url":"https://www.stef.be/amiga/samples/st-04/Com6"},
    {"title":"Crystal1","url":"https://www.stef.be/amiga/samples/st-04/Crystal1"},
    {"title":"Donner1","url":"https://www.stef.be/amiga/samples/st-04/Donner1"},
    {"title":"Door1","url":"https://www.stef.be/amiga/samples/st-04/Door1"},
    {"title":"Drake1","url":"https://www.stef.be/amiga/samples/st-04/Drake1"},
    {"title":"Flute1","url":"https://www.stef.be/amiga/samples/st-04/Flute1"},
    {"title":"Future1","url":"https://www.stef.be/amiga/samples/st-04/Future1"},
    {"title":"Future2","url":"https://www.stef.be/amiga/samples/st-04/Future2"},
    {"title":"Future3","url":"https://www.stef.be/amiga/samples/st-04/Future3"},
    {"title":"Future4","url":"https://www.stef.be/amiga/samples/st-04/Future4"},
    {"title":"Future5","url":"https://www.stef.be/amiga/samples/st-04/Future5"},
    {"title":"Future6","url":"https://www.stef.be/amiga/samples/st-04/Future6"},
    {"title":"Future7","url":"https://www.stef.be/amiga/samples/st-04/Future7"},
    {"title":"Geschirr1","url":"https://www.stef.be/amiga/samples/st-04/Geschirr1"},
    {"title":"Geschirr2","url":"https://www.stef.be/amiga/samples/st-04/Geschirr2"},
    {"title":"Geschirr3","url":"https://www.stef.be/amiga/samples/st-04/Geschirr3"},
    {"title":"Geschirr4","url":"https://www.stef.be/amiga/samples/st-04/Geschirr4"},
    {"title":"Geschirr5","url":"https://www.stef.be/amiga/samples/st-04/Geschirr5"},
    {"title":"Geschirr6","url":"https://www.stef.be/amiga/samples/st-04/Geschirr6"},
    {"title":"Geschirr7","url":"https://www.stef.be/amiga/samples/st-04/Geschirr7"},
    {"title":"Geschirr8","url":"https://www.stef.be/amiga/samples/st-04/Geschirr8"},
    {"title":"Geschirr9","url":"https://www.stef.be/amiga/samples/st-04/Geschirr9"},
    {"title":"Glas1","url":"https://www.stef.be/amiga/samples/st-04/Glas1"},
    {"title":"Guitar1","url":"https://www.stef.be/amiga/samples/st-04/Guitar1"},
    {"title":"Guitar2","url":"https://www.stef.be/amiga/samples/st-04/Guitar2"},
    {"title":"Guitar3","url":"https://www.stef.be/amiga/samples/st-04/Guitar3"},
    {"title":"Guitar4","url":"https://www.stef.be/amiga/samples/st-04/Guitar4"},
    {"title":"Guitar5","url":"https://www.stef.be/amiga/samples/st-04/Guitar5"},
    {"title":"Holz1","url":"https://www.stef.be/amiga/samples/st-04/Holz1"},
    {"title":"Holz2","url":"https://www.stef.be/amiga/samples/st-04/Holz2"},
    {"title":"Holz3","url":"https://www.stef.be/amiga/samples/st-04/Holz3"},
    {"title":"Holz4","url":"https://www.stef.be/amiga/samples/st-04/Holz4"},
    {"title":"Hua1","url":"https://www.stef.be/amiga/samples/st-04/Hua1"},
    {"title":"Hui1","url":"https://www.stef.be/amiga/samples/st-04/Hui1"},
    {"title":"Hui2","url":"https://www.stef.be/amiga/samples/st-04/Hui2"},
    {"title":"ILoveYou","url":"https://www.stef.be/amiga/samples/st-04/ILoveYou"},
    {"title":"Klirr1","url":"https://www.stef.be/amiga/samples/st-04/Klirr1"},
    {"title":"kuckuck1","url":"https://www.stef.be/amiga/samples/st-04/kuckuck1"},
    {"title":"Orgel1","url":"https://www.stef.be/amiga/samples/st-04/Orgel1"},
    {"title":"Orgel2","url":"https://www.stef.be/amiga/samples/st-04/Orgel2"},
    {"title":"Percus1","url":"https://www.stef.be/amiga/samples/st-04/Percus1"},
    {"title":"Pop1","url":"https://www.stef.be/amiga/samples/st-04/Pop1"},
    {"title":"Schirch1","url":"https://www.stef.be/amiga/samples/st-04/Schirch1"},
    {"title":"Schirch2","url":"https://www.stef.be/amiga/samples/st-04/Schirch2"},
    {"title":"Schuss1","url":"https://www.stef.be/amiga/samples/st-04/Schuss1"},
    {"title":"Scratch1","url":"https://www.stef.be/amiga/samples/st-04/Scratch1"},
    {"title":"Sdrum1","url":"https://www.stef.be/amiga/samples/st-04/Sdrum1"},
    {"title":"Sdrum2","url":"https://www.stef.be/amiga/samples/st-04/Sdrum2"},
    {"title":"Sturm1","url":"https://www.stef.be/amiga/samples/st-04/Sturm1"},
    {"title":"Sturm2","url":"https://www.stef.be/amiga/samples/st-04/Sturm2"},
    {"title":"Synth1","url":"https://www.stef.be/amiga/samples/st-04/Synth1"},
    {"title":"Synth2","url":"https://www.stef.be/amiga/samples/st-04/Synth2"},
    {"title":"Synth3","url":"https://www.stef.be/amiga/samples/st-04/Synth3"},
    {"title":"Tom1","url":"https://www.stef.be/amiga/samples/st-04/Tom1"},
    {"title":"Tom2","url":"https://www.stef.be/amiga/samples/st-04/Tom2"},
    {"title":"Tschah1","url":"https://www.stef.be/amiga/samples/st-04/Tschah1"},
    {"title":"Voll1","url":"https://www.stef.be/amiga/samples/st-04/Voll1"},
    {"title":"Voll2","url":"https://www.stef.be/amiga/samples/st-04/Voll2"},
    {"title":"Voll3","url":"https://www.stef.be/amiga/samples/st-04/Voll3"},
    {"title":"Voll4","url":"https://www.stef.be/amiga/samples/st-04/Voll4"},
    {"title":"Voll5","url":"https://www.stef.be/amiga/samples/st-04/Voll5"},
    {"title":"Warriors1","url":"https://www.stef.be/amiga/samples/st-04/Warriors1"},
    {"title":"Water1","url":"https://www.stef.be/amiga/samples/st-04/Water1"},
    {"title":"wind.long","url":"https://www.stef.be/amiga/samples/st-04/wind.long"},
    {"title":"Yeah1","url":"https://www.stef.be/amiga/samples/st-04/Yeah1"},
    {"title":"Zisch1","url":"https://www.stef.be/amiga/samples/st-04/Zisch1"},
    {"title":"Zisch2","url":"https://www.stef.be/amiga/samples/st-04/Zisch2"},
    {"title":"Zisch3","url":"https://www.stef.be/amiga/samples/st-04/Zisch3"}
  ]
}