{
  "samples":[
    {"title":"acoguit","url":"https://www.stef.be/amiga/samples/st-05/acoguit"},
    {"title":"base1","url":"https://www.stef.be/amiga/samples/st-05/base1"},
    {"title":"bassdrum23","url":"https://www.stef.be/amiga/samples/st-05/bassdrum23"},
    {"title":"bassdrum24","url":"https://www.stef.be/amiga/samples/st-05/bassdrum24"},
    {"title":"bassdrum25","url":"https://www.stef.be/amiga/samples/st-05/bassdrum25"},
    {"title":"bigsnare","url":"https://www.stef.be/amiga/samples/st-05/bigsnare"},
    {"title":"bigsnare1","url":"https://www.stef.be/amiga/samples/st-05/bigsnare1"},
    {"title":"bigsnare2","url":"https://www.stef.be/amiga/samples/st-05/bigsnare2"},
    {"title":"bomm","url":"https://www.stef.be/amiga/samples/st-05/bomm"},
    {"title":"brum","url":"https://www.stef.be/amiga/samples/st-05/brum"},
    {"title":"bum1","url":"https://www.stef.be/amiga/samples/st-05/bum1"},
    {"title":"bumper","url":"https://www.stef.be/amiga/samples/st-05/bumper"},
    {"title":"cc1+2","url":"https://www.stef.be/amiga/samples/st-05/cc1+2"},
    {"title":"cc3+4","url":"https://www.stef.be/amiga/samples/st-05/cc3+4"},
    {"title":"cc4","url":"https://www.stef.be/amiga/samples/st-05/cc4"},
    {"title":"chinagong","url":"https://www.stef.be/amiga/samples/st-05/chinagong"},
    {"title":"dingding","url":"https://www.stef.be/amiga/samples/st-05/dingding"},
    {"title":"drake1","url":"https://www.stef.be/amiga/samples/st-05/drake1"},
    {"title":"drip","url":"https://www.stef.be/amiga/samples/st-05/drip"},
    {"title":"droehn","url":"https://www.stef.be/amiga/samples/st-05/droehn"},
    {"title":"dum","url":"https://www.stef.be/amiga/samples/st-05/dum"},
    {"title":"edrum1","url":"https://www.stef.be/amiga/samples/st-05/edrum1"},
    {"title":"elec-guitare","url":"https://www.stef.be/amiga/samples/st-05/elec-guitare"},
    {"title":"elec-guitare4","url":"https://www.stef.be/amiga/samples/st-05/elec-guitare4"},
    {"title":"endblaster","url":"https://www.stef.be/amiga/samples/st-05/endblaster"},
    {"title":"eug","url":"https://www.stef.be/amiga/samples/st-05/eug"},
    {"title":"floete","url":"https://www.stef.be/amiga/samples/st-05/floete"},
    {"title":"floete2","url":"https://www.stef.be/amiga/samples/st-05/floete2"},
    {"title":"floete3","url":"https://www.stef.be/amiga/samples/st-05/floete3"},
    {"title":"floete4","url":"https://www.stef.be/amiga/samples/st-05/floete4"},
    {"title":"floete5","url":"https://www.stef.be/amiga/samples/st-05/floete5"},
    {"title":"fugger2","url":"https://www.stef.be/amiga/samples/st-05/fugger2"},
    {"title":"funktjunk","url":"https://www.stef.be/amiga/samples/st-05/funktjunk"},
    {"title":"gameover","url":"https://www.stef.be/amiga/samples/st-05/gameover"},
    {"title":"getready","url":"https://www.stef.be/amiga/samples/st-05/getready"},
    {"title":"groll","url":"https://www.stef.be/amiga/samples/st-05/groll"},
    {"title":"guitardown","url":"https://www.stef.be/amiga/samples/st-05/guitardown"},
    {"title":"heldguitar","url":"https://www.stef.be/amiga/samples/st-05/heldguitar"},
    {"title":"highhat8","url":"https://www.stef.be/amiga/samples/st-05/highhat8"},
    {"title":"hihat6","url":"https://www.stef.be/amiga/samples/st-05/hihat6"},
    {"title":"hohlbasdrum","url":"https://www.stef.be/amiga/samples/st-05/hohlbasdrum"},
    {"title":"hohlsnaredrum","url":"https://www.stef.be/amiga/samples/st-05/hohlsnaredrum"},
    {"title":"impossible4","url":"https://www.stef.be/amiga/samples/st-05/impossible4"},
    {"title":"jamigo low sdrum","url":"https://www.stef.be/amiga/samples/st-05/jamigo low sdrum"},
    {"title":"jamigosdrum","url":"https://www.stef.be/amiga/samples/st-05/jamigosdrum"},
    {"title":"laser","url":"https://www.stef.be/amiga/samples/st-05/laser"},
    {"title":"laugh","url":"https://www.stef.be/amiga/samples/st-05/laugh"},
    {"title":"mark2","url":"https://www.stef.be/amiga/samples/st-05/mark2"},
    {"title":"monstergong","url":"https://www.stef.be/amiga/samples/st-05/monstergong"},
    {"title":"motor","url":"https://www.stef.be/amiga/samples/st-05/motor"},
    {"title":"nonstop","url":"https://www.stef.be/amiga/samples/st-05/nonstop"},
    {"title":"ohhh1","url":"https://www.stef.be/amiga/samples/st-05/ohhh1"},
    {"title":"operator","url":"https://www.stef.be/amiga/samples/st-05/operator"},
    {"title":"pock","url":"https://www.stef.be/amiga/samples/st-05/pock"},
    {"title":"pock4","url":"https://www.stef.be/amiga/samples/st-05/pock4"},
    {"title":"ptschiu","url":"https://www.stef.be/amiga/samples/st-05/ptschiu"},
    {"title":"rguitar1","url":"https://www.stef.be/amiga/samples/st-05/rguitar1"},
    {"title":"rpiano","url":"https://www.stef.be/amiga/samples/st-05/rpiano"},
    {"title":"secret sound","url":"https://www.stef.be/amiga/samples/st-05/secret sound"},
    {"title":"short","url":"https://www.stef.be/amiga/samples/st-05/short"},
    {"title":"shot3","url":"https://www.stef.be/amiga/samples/st-05/shot3"},
    {"title":"snare12","url":"https://www.stef.be/amiga/samples/st-05/snare12"},
    {"title":"snare15","url":"https://www.stef.be/amiga/samples/st-05/snare15"},
    {"title":"snare21","url":"https://www.stef.be/amiga/samples/st-05/snare21"},
    {"title":"snaredrum","url":"https://www.stef.be/amiga/samples/st-05/snaredrum"},
    {"title":"snaredrum8","url":"https://www.stef.be/amiga/samples/st-05/snaredrum8"},
    {"title":"snaredrum70","url":"https://www.stef.be/amiga/samples/st-05/snaredrum70"},
    {"title":"speech3","url":"https://www.stef.be/amiga/samples/st-05/speech3"},
    {"title":"starsnare","url":"https://www.stef.be/amiga/samples/st-05/starsnare"},
    {"title":"synth4","url":"https://www.stef.be/amiga/samples/st-05/synth4"},
    {"title":"synth5","url":"https://www.stef.be/amiga/samples/st-05/synth5"},
    {"title":"synth6","url":"https://www.stef.be/amiga/samples/st-05/synth6"},
    {"title":"synth9","url":"https://www.stef.be/amiga/samples/st-05/synth9"},
    {"title":"synthgong","url":"https://www.stef.be/amiga/samples/st-05/synthgong"},
    {"title":"technobass2","url":"https://www.stef.be/amiga/samples/st-05/technobass2"},
    {"title":"tom1","url":"https://www.stef.be/amiga/samples/st-05/tom1"},
    {"title":"tomdrum","url":"https://www.stef.be/amiga/samples/st-05/tomdrum"},
    {"title":"tomdrum2","url":"https://www.stef.be/amiga/samples/st-05/tomdrum2"},
    {"title":"tomtom4","url":"https://www.stef.be/amiga/samples/st-05/tomtom4"},
    {"title":"tsong2","url":"https://www.stef.be/amiga/samples/st-05/tsong2"},
    {"title":"uaaa2","url":"https://www.stef.be/amiga/samples/st-05/uaaa2"},
    {"title":"umpf","url":"https://www.stef.be/amiga/samples/st-05/umpf"},
    {"title":"uuh","url":"https://www.stef.be/amiga/samples/st-05/uuh"},
    {"title":"vclaps2","url":"https://www.stef.be/amiga/samples/st-05/vclaps2"},
    {"title":"victoryguitar","url":"https://www.stef.be/amiga/samples/st-05/victoryguitar"},
    {"title":"vixenbass","url":"https://www.stef.be/amiga/samples/st-05/vixenbass"},
    {"title":"vixenbassdrum","url":"https://www.stef.be/amiga/samples/st-05/vixenbassdrum"},
    {"title":"vixenbongo","url":"https://www.stef.be/amiga/samples/st-05/vixenbongo"},
    {"title":"vixensnare","url":"https://www.stef.be/amiga/samples/st-05/vixensnare"},
    {"title":"vixensnare2","url":"https://www.stef.be/amiga/samples/st-05/vixensnare2"},
    {"title":"vwood","url":"https://www.stef.be/amiga/samples/st-05/vwood"},
    {"title":"warrior3","url":"https://www.stef.be/amiga/samples/st-05/warrior3"},
    {"title":"wind","url":"https://www.stef.be/amiga/samples/st-05/wind"},
    {"title":"zent camera","url":"https://www.stef.be/amiga/samples/st-05/zent camera"},
    {"title":"zent effekt","url":"https://www.stef.be/amiga/samples/st-05/zent effekt"},
    {"title":"zent effekt3","url":"https://www.stef.be/amiga/samples/st-05/zent effekt3"},
    {"title":"zent effekt4","url":"https://www.stef.be/amiga/samples/st-05/zent effekt4"},
    {"title":"zent effekt5","url":"https://www.stef.be/amiga/samples/st-05/zent effekt5"},
    {"title":"zent laser","url":"https://www.stef.be/amiga/samples/st-05/zent laser"},
    {"title":"zupp","url":"https://www.stef.be/amiga/samples/st-05/zupp"}
  ]
}