{
  "samples":[
    {"title":"ache","url":"https://www.stef.be/amiga/samples/st-03/ache"},
    {"title":"airsynth","url":"https://www.stef.be/amiga/samples/st-03/airsynth"},
    {"title":"artbell","url":"https://www.stef.be/amiga/samples/st-03/artbell"},
    {"title":"Artguitar","url":"https://www.stef.be/amiga/samples/st-03/Artguitar"},
    {"title":"baybe","url":"https://www.stef.be/amiga/samples/st-03/baybe"},
    {"title":"Beats","url":"https://www.stef.be/amiga/samples/st-03/Beats"},
    {"title":"blast","url":"https://www.stef.be/amiga/samples/st-03/blast"},
    {"title":"boing","url":"https://www.stef.be/amiga/samples/st-03/boing"},
    {"title":"Bomcha","url":"https://www.stef.be/amiga/samples/st-03/Bomcha"},
    {"title":"Bongomongo","url":"https://www.stef.be/amiga/samples/st-03/Bongomongo"},
    {"title":"bounce","url":"https://www.stef.be/amiga/samples/st-03/bounce"},
    {"title":"brainache","url":"https://www.stef.be/amiga/samples/st-03/brainache"},
    {"title":"chewchew","url":"https://www.stef.be/amiga/samples/st-03/chewchew"},
    {"title":"choir","url":"https://www.stef.be/amiga/samples/st-03/choir"},
    {"title":"chopper","url":"https://www.stef.be/amiga/samples/st-03/chopper"},
    {"title":"churchbell","url":"https://www.stef.be/amiga/samples/st-03/churchbell"},
    {"title":"cordstring","url":"https://www.stef.be/amiga/samples/st-03/cordstring"},
    {"title":"cordstring2","url":"https://www.stef.be/amiga/samples/st-03/cordstring2"},
    {"title":"Depeche","url":"https://www.stef.be/amiga/samples/st-03/Depeche"},
    {"title":"Depeche1","url":"https://www.stef.be/amiga/samples/st-03/Depeche1"},
    {"title":"depeche2","url":"https://www.stef.be/amiga/samples/st-03/depeche2"},
    {"title":"depechewow","url":"https://www.stef.be/amiga/samples/st-03/depechewow"},
    {"title":"Deutchmark","url":"https://www.stef.be/amiga/samples/st-03/Deutchmark"},
    {"title":"ding","url":"https://www.stef.be/amiga/samples/st-03/ding"},
    {"title":"dingbell","url":"https://www.stef.be/amiga/samples/st-03/dingbell"},
    {"title":"doo","url":"https://www.stef.be/amiga/samples/st-03/doo"},
    {"title":"Dripping","url":"https://www.stef.be/amiga/samples/st-03/Dripping"},
    {"title":"Drumpingeling2","url":"https://www.stef.be/amiga/samples/st-03/Drumpingeling2"},
    {"title":"eeee","url":"https://www.stef.be/amiga/samples/st-03/eeee"},
    {"title":"Elguitar","url":"https://www.stef.be/amiga/samples/st-03/Elguitar"},
    {"title":"Expressbass","url":"https://www.stef.be/amiga/samples/st-03/Expressbass"},
    {"title":"Expressclong","url":"https://www.stef.be/amiga/samples/st-03/Expressclong"},
    {"title":"eye","url":"https://www.stef.be/amiga/samples/st-03/eye"},
    {"title":"fade","url":"https://www.stef.be/amiga/samples/st-03/fade"},
    {"title":"fanfare","url":"https://www.stef.be/amiga/samples/st-03/fanfare"},
    {"title":"francebass","url":"https://www.stef.be/amiga/samples/st-03/francebass"},
    {"title":"Gunshot","url":"https://www.stef.be/amiga/samples/st-03/Gunshot"},
    {"title":"hardsynth","url":"https://www.stef.be/amiga/samples/st-03/hardsynth"},
    {"title":"heart","url":"https://www.stef.be/amiga/samples/st-03/heart"},
    {"title":"heartbounce","url":"https://www.stef.be/amiga/samples/st-03/heartbounce"},
    {"title":"Hearthat","url":"https://www.stef.be/amiga/samples/st-03/Hearthat"},
    {"title":"Heee","url":"https://www.stef.be/amiga/samples/st-03/Heee"},
    {"title":"hej","url":"https://www.stef.be/amiga/samples/st-03/hej"},
    {"title":"holysynth","url":"https://www.stef.be/amiga/samples/st-03/holysynth"},
    {"title":"Holysynth2","url":"https://www.stef.be/amiga/samples/st-03/Holysynth2"},
    {"title":"ILOVEYOU","url":"https://www.stef.be/amiga/samples/st-03/ILOVEYOU"},
    {"title":"imene1","url":"https://www.stef.be/amiga/samples/st-03/imene1"},
    {"title":"imene2","url":"https://www.stef.be/amiga/samples/st-03/imene2"},
    {"title":"Jarreclaps","url":"https://www.stef.be/amiga/samples/st-03/Jarreclaps"},
    {"title":"Jarresynth","url":"https://www.stef.be/amiga/samples/st-03/Jarresynth"},
    {"title":"Jarresynth2","url":"https://www.stef.be/amiga/samples/st-03/Jarresynth2"},
    {"title":"kermit","url":"https://www.stef.be/amiga/samples/st-03/kermit"},
    {"title":"Kraftcall1","url":"https://www.stef.be/amiga/samples/st-03/Kraftcall1"},
    {"title":"Kraftcall2","url":"https://www.stef.be/amiga/samples/st-03/Kraftcall2"},
    {"title":"Kraftcough","url":"https://www.stef.be/amiga/samples/st-03/Kraftcough"},
    {"title":"Kraftsynth","url":"https://www.stef.be/amiga/samples/st-03/Kraftsynth"},
    {"title":"Kraftsynth2","url":"https://www.stef.be/amiga/samples/st-03/Kraftsynth2"},
    {"title":"Kraftwood","url":"https://www.stef.be/amiga/samples/st-03/Kraftwood"},
    {"title":"laserdrum","url":"https://www.stef.be/amiga/samples/st-03/laserdrum"},
    {"title":"minibell","url":"https://www.stef.be/amiga/samples/st-03/minibell"},
    {"title":"minigong","url":"https://www.stef.be/amiga/samples/st-03/minigong"},
    {"title":"Newdrum","url":"https://www.stef.be/amiga/samples/st-03/Newdrum"},
    {"title":"nice","url":"https://www.stef.be/amiga/samples/st-03/nice"},
    {"title":"nitsercomp","url":"https://www.stef.be/amiga/samples/st-03/nitsercomp"},
    {"title":"no","url":"https://www.stef.be/amiga/samples/st-03/no"},
    {"title":"Noisy","url":"https://www.stef.be/amiga/samples/st-03/Noisy"},
    {"title":"onemore1","url":"https://www.stef.be/amiga/samples/st-03/onemore1"},
    {"title":"onemore1.2","url":"https://www.stef.be/amiga/samples/st-03/onemore1.2"},
    {"title":"padre","url":"https://www.stef.be/amiga/samples/st-03/padre"},
    {"title":"Phonie","url":"https://www.stef.be/amiga/samples/st-03/Phonie"},
    {"title":"pianoplay","url":"https://www.stef.be/amiga/samples/st-03/pianoplay"},
    {"title":"ping","url":"https://www.stef.be/amiga/samples/st-03/ping"},
    {"title":"plong","url":"https://www.stef.be/amiga/samples/st-03/plong"},
    {"title":"pom","url":"https://www.stef.be/amiga/samples/st-03/pom"},
    {"title":"pompom","url":"https://www.stef.be/amiga/samples/st-03/pompom"},
    {"title":"Push","url":"https://www.stef.be/amiga/samples/st-03/Push"},
    {"title":"Pushit","url":"https://www.stef.be/amiga/samples/st-03/Pushit"},
    {"title":"pushit2","url":"https://www.stef.be/amiga/samples/st-03/pushit2"},
    {"title":"Pushitahh","url":"https://www.stef.be/amiga/samples/st-03/Pushitahh"},
    {"title":"Pushitbell","url":"https://www.stef.be/amiga/samples/st-03/Pushitbell"},
    {"title":"pushitdrum","url":"https://www.stef.be/amiga/samples/st-03/pushitdrum"},
    {"title":"Pushitoo","url":"https://www.stef.be/amiga/samples/st-03/Pushitoo"},
    {"title":"pushitscream","url":"https://www.stef.be/amiga/samples/st-03/pushitscream"},
    {"title":"pushitsound","url":"https://www.stef.be/amiga/samples/st-03/pushitsound"},
    {"title":"pushitsound2","url":"https://www.stef.be/amiga/samples/st-03/pushitsound2"},
    {"title":"Pushitsynth1","url":"https://www.stef.be/amiga/samples/st-03/Pushitsynth1"},
    {"title":"pushitsynth2","url":"https://www.stef.be/amiga/samples/st-03/pushitsynth2"},
    {"title":"pushitsynth3","url":"https://www.stef.be/amiga/samples/st-03/pushitsynth3"},
    {"title":"pushittalk1","url":"https://www.stef.be/amiga/samples/st-03/pushittalk1"},
    {"title":"Pushittalk1.2","url":"https://www.stef.be/amiga/samples/st-03/Pushittalk1.2"},
    {"title":"Pushitwood","url":"https://www.stef.be/amiga/samples/st-03/Pushitwood"},
    {"title":"roofbass","url":"https://www.stef.be/amiga/samples/st-03/roofbass"},
    {"title":"roofhat","url":"https://www.stef.be/amiga/samples/st-03/roofhat"},
    {"title":"slaps","url":"https://www.stef.be/amiga/samples/st-03/slaps"},
    {"title":"smoothbell","url":"https://www.stef.be/amiga/samples/st-03/smoothbell"},
    {"title":"step","url":"https://www.stef.be/amiga/samples/st-03/step"},
    {"title":"stringa","url":"https://www.stef.be/amiga/samples/st-03/stringa"},
    {"title":"synthguitar","url":"https://www.stef.be/amiga/samples/st-03/synthguitar"},
    {"title":"takeover","url":"https://www.stef.be/amiga/samples/st-03/takeover"},
    {"title":"tellbass","url":"https://www.stef.be/amiga/samples/st-03/tellbass"},
    {"title":"tellpiano","url":"https://www.stef.be/amiga/samples/st-03/tellpiano"},
    {"title":"tellsong","url":"https://www.stef.be/amiga/samples/st-03/tellsong"},
    {"title":"thebassdrum","url":"https://www.stef.be/amiga/samples/st-03/thebassdrum"},
    {"title":"theclaps","url":"https://www.stef.be/amiga/samples/st-03/theclaps"},
    {"title":"thecymbal","url":"https://www.stef.be/amiga/samples/st-03/thecymbal"},
    {"title":"thecymbal2","url":"https://www.stef.be/amiga/samples/st-03/thecymbal2"},
    {"title":"thehihatclosed","url":"https://www.stef.be/amiga/samples/st-03/thehihatclosed"},
    {"title":"thehihatopen","url":"https://www.stef.be/amiga/samples/st-03/thehihatopen"},
    {"title":"thesnaredrum","url":"https://www.stef.be/amiga/samples/st-03/thesnaredrum"},
    {"title":"thesnaredrum1","url":"https://www.stef.be/amiga/samples/st-03/thesnaredrum1"},
    {"title":"thesnaredrum2","url":"https://www.stef.be/amiga/samples/st-03/thesnaredrum2"},
    {"title":"thetom1","url":"https://www.stef.be/amiga/samples/st-03/thetom1"},
    {"title":"thetom2","url":"https://www.stef.be/amiga/samples/st-03/thetom2"},
    {"title":"thetom3","url":"https://www.stef.be/amiga/samples/st-03/thetom3"},
    {"title":"Tick","url":"https://www.stef.be/amiga/samples/st-03/Tick"},
    {"title":"tincan","url":"https://www.stef.be/amiga/samples/st-03/tincan"},
    {"title":"tincan2","url":"https://www.stef.be/amiga/samples/st-03/tincan2"},
    {"title":"water","url":"https://www.stef.be/amiga/samples/st-03/water"},
    {"title":"whistle2","url":"https://www.stef.be/amiga/samples/st-03/whistle2"},
    {"title":"whistle3","url":"https://www.stef.be/amiga/samples/st-03/whistle3"},
    {"title":"Woodhat","url":"https://www.stef.be/amiga/samples/st-03/Woodhat"},
    {"title":"Yellobass","url":"https://www.stef.be/amiga/samples/st-03/Yellobass"},
    {"title":"Yellobass2","url":"https://www.stef.be/amiga/samples/st-03/Yellobass2"},
    {"title":"Yellobassow","url":"https://www.stef.be/amiga/samples/st-03/Yellobassow"},
    {"title":"Yellobell","url":"https://www.stef.be/amiga/samples/st-03/Yellobell"},
    {"title":"Yelloguitar","url":"https://www.stef.be/amiga/samples/st-03/Yelloguitar"},
    {"title":"yellonoise","url":"https://www.stef.be/amiga/samples/st-03/yellonoise"},
    {"title":"Yellosound","url":"https://www.stef.be/amiga/samples/st-03/Yellosound"},
    {"title":"yellosound1","url":"https://www.stef.be/amiga/samples/st-03/yellosound1"},
    {"title":"yellosound2","url":"https://www.stef.be/amiga/samples/st-03/yellosound2"},
    {"title":"Yellosound3","url":"https://www.stef.be/amiga/samples/st-03/Yellosound3"}
  ]
}