{
  "samples":[
    {"title":"Alien","url":"https://www.stef.be/amiga/samples/st-01/Alien"},
    {"title":"Aligator","url":"https://www.stef.be/amiga/samples/st-01/Aligator"},
    {"title":"AnalogString","url":"https://www.stef.be/amiga/samples/st-01/AnalogString"},
    {"title":"Asia","url":"https://www.stef.be/amiga/samples/st-01/Asia"},
    {"title":"BassDrum1","url":"https://www.stef.be/amiga/samples/st-01/BassDrum1"},
    {"title":"BassDrum2","url":"https://www.stef.be/amiga/samples/st-01/BassDrum2"},
    {"title":"BassDrum3","url":"https://www.stef.be/amiga/samples/st-01/BassDrum3"},
    {"title":"BassDrum4","url":"https://www.stef.be/amiga/samples/st-01/BassDrum4"},
    {"title":"BigBow","url":"https://www.stef.be/amiga/samples/st-01/BigBow"},
    {"title":"Blast","url":"https://www.stef.be/amiga/samples/st-01/Blast"},
    {"title":"Blubzing","url":"https://www.stef.be/amiga/samples/st-01/Blubzing"},
    {"title":"Breath","url":"https://www.stef.be/amiga/samples/st-01/Breath"},
    {"title":"Call","url":"https://www.stef.be/amiga/samples/st-01/Call"},
    {"title":"Celeste","url":"https://www.stef.be/amiga/samples/st-01/Celeste"},
    {"title":"Chink","url":"https://www.stef.be/amiga/samples/st-01/Chink"},
    {"title":"Cinema","url":"https://www.stef.be/amiga/samples/st-01/Cinema"},
    {"title":"Claps1","url":"https://www.stef.be/amiga/samples/st-01/Claps1"},
    {"title":"Claps2","url":"https://www.stef.be/amiga/samples/st-01/Claps2"},
    {"title":"Claves","url":"https://www.stef.be/amiga/samples/st-01/Claves"},
    {"title":"CloseHiHat","url":"https://www.stef.be/amiga/samples/st-01/CloseHiHat"},
    {"title":"Conga","url":"https://www.stef.be/amiga/samples/st-01/Conga"},
    {"title":"CowBell","url":"https://www.stef.be/amiga/samples/st-01/CowBell"},
    {"title":"Dangerous","url":"https://www.stef.be/amiga/samples/st-01/Dangerous"},
    {"title":"DeepBass","url":"https://www.stef.be/amiga/samples/st-01/DeepBass"},
    {"title":"Detune","url":"https://www.stef.be/amiga/samples/st-01/Detune"},
    {"title":"DigDug","url":"https://www.stef.be/amiga/samples/st-01/DigDug"},
    {"title":"DigiHarp","url":"https://www.stef.be/amiga/samples/st-01/DigiHarp"},
    {"title":"DreamBells","url":"https://www.stef.be/amiga/samples/st-01/DreamBells"},
    {"title":"DXBass","url":"https://www.stef.be/amiga/samples/st-01/DXBass"},
    {"title":"DxTom","url":"https://www.stef.be/amiga/samples/st-01/DxTom"},
    {"title":"ElecTom","url":"https://www.stef.be/amiga/samples/st-01/ElecTom"},
    {"title":"EPiano","url":"https://www.stef.be/amiga/samples/st-01/EPiano"},
    {"title":"ExBells","url":"https://www.stef.be/amiga/samples/st-01/ExBells"},
    {"title":"FaeryTale","url":"https://www.stef.be/amiga/samples/st-01/FaeryTale"},
    {"title":"FilterBass","url":"https://www.stef.be/amiga/samples/st-01/FilterBass"},
    {"title":"FunBass","url":"https://www.stef.be/amiga/samples/st-01/FunBass"},
    {"title":"FunkBass","url":"https://www.stef.be/amiga/samples/st-01/FunkBass"},
    {"title":"Gato","url":"https://www.stef.be/amiga/samples/st-01/Gato"},
    {"title":"Great","url":"https://www.stef.be/amiga/samples/st-01/Great"},
    {"title":"HallBrass","url":"https://www.stef.be/amiga/samples/st-01/HallBrass"},
    {"title":"Heaven","url":"https://www.stef.be/amiga/samples/st-01/Heaven"},
    {"title":"HeavySynth","url":"https://www.stef.be/amiga/samples/st-01/HeavySynth"},
    {"title":"Heifer","url":"https://www.stef.be/amiga/samples/st-01/Heifer"},
    {"title":"HiHat1","url":"https://www.stef.be/amiga/samples/st-01/HiHat1"},
    {"title":"HiHat2","url":"https://www.stef.be/amiga/samples/st-01/HiHat2"},
    {"title":"Hooman","url":"https://www.stef.be/amiga/samples/st-01/Hooman"},
    {"title":"Horns","url":"https://www.stef.be/amiga/samples/st-01/Horns"},
    {"title":"JahrMarkt1","url":"https://www.stef.be/amiga/samples/st-01/JahrMarkt1"},
    {"title":"JahrMarkt2","url":"https://www.stef.be/amiga/samples/st-01/JahrMarkt2"},
    {"title":"Jetes","url":"https://www.stef.be/amiga/samples/st-01/Jetes"},
    {"title":"Klickorgan","url":"https://www.stef.be/amiga/samples/st-01/Klickorgan"},
    {"title":"KorgBass","url":"https://www.stef.be/amiga/samples/st-01/KorgBass"},
    {"title":"KorgBeau","url":"https://www.stef.be/amiga/samples/st-01/KorgBeau"},
    {"title":"KorgBow","url":"https://www.stef.be/amiga/samples/st-01/KorgBow"},
    {"title":"KorgFilter","url":"https://www.stef.be/amiga/samples/st-01/KorgFilter"},
    {"title":"KorgString","url":"https://www.stef.be/amiga/samples/st-01/KorgString"},
    {"title":"Koto","url":"https://www.stef.be/amiga/samples/st-01/Koto"},
    {"title":"Leader","url":"https://www.stef.be/amiga/samples/st-01/Leader"},
    {"title":"Licks","url":"https://www.stef.be/amiga/samples/st-01/Licks"},
    {"title":"Magic","url":"https://www.stef.be/amiga/samples/st-01/Magic"},
    {"title":"Marimba","url":"https://www.stef.be/amiga/samples/st-01/Marimba"},
    {"title":"Mechanic1","url":"https://www.stef.be/amiga/samples/st-01/Mechanic1"},
    {"title":"Mechanic2","url":"https://www.stef.be/amiga/samples/st-01/Mechanic2"},
    {"title":"MetalKeys","url":"https://www.stef.be/amiga/samples/st-01/MetalKeys"},
    {"title":"MonoBass","url":"https://www.stef.be/amiga/samples/st-01/MonoBass"},
    {"title":"MonsterBass","url":"https://www.stef.be/amiga/samples/st-01/MonsterBass"},
    {"title":"MuteClav","url":"https://www.stef.be/amiga/samples/st-01/MuteClav"},
    {"title":"Nice","url":"https://www.stef.be/amiga/samples/st-01/Nice"},
    {"title":"NightMare","url":"https://www.stef.be/amiga/samples/st-01/NightMare"},
    {"title":"NoteMan","url":"https://www.stef.be/amiga/samples/st-01/NoteMan"},
    {"title":"Organ","url":"https://www.stef.be/amiga/samples/st-01/Organ"},
    {"title":"Outlaw","url":"https://www.stef.be/amiga/samples/st-01/Outlaw"},
    {"title":"PanFlute","url":"https://www.stef.be/amiga/samples/st-01/PanFlute"},
    {"title":"Perco","url":"https://www.stef.be/amiga/samples/st-01/Perco"},
    {"title":"PingBells","url":"https://www.stef.be/amiga/samples/st-01/PingBells"},
    {"title":"Pizza","url":"https://www.stef.be/amiga/samples/st-01/Pizza"},
    {"title":"PolySynth","url":"https://www.stef.be/amiga/samples/st-01/PolySynth"},
    {"title":"PopBass","url":"https://www.stef.be/amiga/samples/st-01/PopBass"},
    {"title":"PopSnare1","url":"https://www.stef.be/amiga/samples/st-01/PopSnare1"},
    {"title":"PopSnare2","url":"https://www.stef.be/amiga/samples/st-01/PopSnare2"},
    {"title":"PopSnare3","url":"https://www.stef.be/amiga/samples/st-01/PopSnare3"},
    {"title":"Pulse","url":"https://www.stef.be/amiga/samples/st-01/Pulse"},
    {"title":"RichString","url":"https://www.stef.be/amiga/samples/st-01/RichString"},
    {"title":"RingPiano","url":"https://www.stef.be/amiga/samples/st-01/RingPiano"},
    {"title":"RoomBrass","url":"https://www.stef.be/amiga/samples/st-01/RoomBrass"},
    {"title":"RubberBass","url":"https://www.stef.be/amiga/samples/st-01/RubberBass"},
    {"title":"Shaker","url":"https://www.stef.be/amiga/samples/st-01/Shaker"},
    {"title":"Shamus","url":"https://www.stef.be/amiga/samples/st-01/Shamus"},
    {"title":"SineCZ","url":"https://www.stef.be/amiga/samples/st-01/SineCZ"},
    {"title":"SixTease","url":"https://www.stef.be/amiga/samples/st-01/SixTease"},
    {"title":"SlapBass","url":"https://www.stef.be/amiga/samples/st-01/SlapBass"},
    {"title":"Smash1","url":"https://www.stef.be/amiga/samples/st-01/Smash1"},
    {"title":"Smash2","url":"https://www.stef.be/amiga/samples/st-01/Smash2"},
    {"title":"Snare1","url":"https://www.stef.be/amiga/samples/st-01/Snare1"},
    {"title":"Snare2","url":"https://www.stef.be/amiga/samples/st-01/Snare2"},
    {"title":"Snare3","url":"https://www.stef.be/amiga/samples/st-01/Snare3"},
    {"title":"Snare4","url":"https://www.stef.be/amiga/samples/st-01/Snare4"},
    {"title":"Snare5","url":"https://www.stef.be/amiga/samples/st-01/Snare5"},
    {"title":"SoftBass","url":"https://www.stef.be/amiga/samples/st-01/SoftBass"},
    {"title":"Soundtrack","url":"https://www.stef.be/amiga/samples/st-01/Soundtrack"},
    {"title":"Squares","url":"https://www.stef.be/amiga/samples/st-01/Squares"},
    {"title":"Stabs","url":"https://www.stef.be/amiga/samples/st-01/Stabs"},
    {"title":"Steinway","url":"https://www.stef.be/amiga/samples/st-01/Steinway"},
    {"title":"Strange","url":"https://www.stef.be/amiga/samples/st-01/Strange"},
    {"title":"Strings1","url":"https://www.stef.be/amiga/samples/st-01/Strings1"},
    {"title":"Strings2","url":"https://www.stef.be/amiga/samples/st-01/Strings2"},
    {"title":"Strings3","url":"https://www.stef.be/amiga/samples/st-01/Strings3"},
    {"title":"Strings4","url":"https://www.stef.be/amiga/samples/st-01/Strings4"},
    {"title":"Strings5","url":"https://www.stef.be/amiga/samples/st-01/Strings5"},
    {"title":"strings6","url":"https://www.stef.be/amiga/samples/st-01/strings6"},
    {"title":"Strings7","url":"https://www.stef.be/amiga/samples/st-01/Strings7"},
    {"title":"Strings8","url":"https://www.stef.be/amiga/samples/st-01/Strings8"},
    {"title":"Sweep","url":"https://www.stef.be/amiga/samples/st-01/Sweep"},
    {"title":"SynBrass","url":"https://www.stef.be/amiga/samples/st-01/SynBrass"},
    {"title":"SynClaves","url":"https://www.stef.be/amiga/samples/st-01/SynClaves"},
    {"title":"SyntheBass","url":"https://www.stef.be/amiga/samples/st-01/SyntheBass"},
    {"title":"SynthPiano","url":"https://www.stef.be/amiga/samples/st-01/SynthPiano"},
    {"title":"TechBass","url":"https://www.stef.be/amiga/samples/st-01/TechBass"},
    {"title":"TheEgg","url":"https://www.stef.be/amiga/samples/st-01/TheEgg"},
    {"title":"TineWave","url":"https://www.stef.be/amiga/samples/st-01/TineWave"},
    {"title":"Touch","url":"https://www.stef.be/amiga/samples/st-01/Touch"},
    {"title":"TuneBass","url":"https://www.stef.be/amiga/samples/st-01/TuneBass"},
    {"title":"Voices","url":"https://www.stef.be/amiga/samples/st-01/Voices"},
    {"title":"WabberString","url":"https://www.stef.be/amiga/samples/st-01/WabberString"},
    {"title":"WoodBlock","url":"https://www.stef.be/amiga/samples/st-01/WoodBlock"},
    {"title":"WowBass","url":"https://www.stef.be/amiga/samples/st-01/WowBass"}
  ]
}