[
  {
    "name": "background",
    "x": 562,
    "y": 340,
    "width": 17,
    "height": 17
  },
  {
    "name": "bar",
    "x": 562,
    "y": 85,
    "width": 18,
    "height": 84
  },
  {
    "name": "button_dark",
    "x": 481,
    "y": 433,
    "width": 45,
    "height": 25
  },
  {
    "name": "button_dark_active",
    "x": 463,
    "y": 256,
    "width": 47,
    "height": 26
  },
  {
    "name": "button_inlay",
    "x": 339,
    "y": 433,
    "width": 71,
    "height": 30
  },
  {
    "name": "button_inlay_active",
    "x": 213,
    "y": 503,
    "width": 71,
    "height": 30
  },
  {
    "name": "button_inlay_blue",
    "x": 0,
    "y": 503,
    "width": 71,
    "height": 30
  },
  {
    "name": "button_inlay_blue_active",
    "x": 71,
    "y": 503,
    "width": 71,
    "height": 30
  },
  {
    "name": "button_inlay_green",
    "x": 142,
    "y": 503,
    "width": 71,
    "height": 30
  },
  {
    "name": "button_inlay_green_active",
    "x": 410,
    "y": 463,
    "width": 71,
    "height": 30
  },
  {
    "name": "button_inlay_plain",
    "x": 339,
    "y": 463,
    "width": 71,
    "height": 30
  },
  {
    "name": "button_inlay_red",
    "x": 410,
    "y": 433,
    "width": 71,
    "height": 30
  },
  {
    "name": "button_inlay_red_active",
    "x": 447,
    "y": 363,
    "width": 71,
    "height": 30
  },
  {
    "name": "button_light",
    "x": 331,
    "y": 256,
    "width": 132,
    "height": 38
  },
  {
    "name": "checkbox_off",
    "x": 562,
    "y": 444,
    "width": 14,
    "height": 14
  },
  {
    "name": "checkbox_on",
    "x": 562,
    "y": 430,
    "width": 14,
    "height": 14
  },
  {
    "name": "dropbox",
    "x": 562,
    "y": 207,
    "width": 21,
    "height": 17
  },
  {
    "name": "dropzone",
    "x": 236,
    "y": 256,
    "width": 95,
    "height": 95
  },
  {
    "name": "font",
    "x": 0,
    "y": 0,
    "width": 256,
    "height": 256
  },
  {
    "name": "disk",
    "x": 575,
    "y": 458,
    "width": 12,
    "height": 11
  },
  {
    "name": "module",
    "x": 575,
    "y": 470,
    "width": 12,
    "height": 11
  },
  {
    "name": "sample",
    "x": 562,
    "y": 482,
    "width": 12,
    "height": 11
  },
  {
    "name": "knob_back",
    "x": 339,
    "y": 363,
    "width": 54,
    "height": 54
  },
  {
    "name": "knob_front",
    "x": 393,
    "y": 363,
    "width": 54,
    "height": 54
  },
  {
    "name": "lednumber",
    "x": 419,
    "y": 294,
    "width": 88,
    "height": 25
  },
  {
    "name": "line_hor",
    "x": 236,
    "y": 351,
    "width": 272,
    "height": 2
  },
  {
    "name": "logo_colour_70",
    "x": 0,
    "y": 433,
    "width": 339,
    "height": 70
  },
  {
    "name": "logo_grey_70",
    "x": 0,
    "y": 363,
    "width": 339,
    "height": 70
  },
  {
    "name": "menu",
    "x": 256,
    "y": 219,
    "width": 271,
    "height": 17
  },
  {
    "name": "mute",
    "x": 399,
    "y": 503,
    "width": 44,
    "height": 20
  },
  {
    "name": "oscilloscope",
    "x": 0,
    "y": 256,
    "width": 236,
    "height": 107
  },
  {
    "name": "panel_black_insert",
    "x": 562,
    "y": 292,
    "width": 19,
    "height": 16
  },
  {
    "name": "panel_dark",
    "x": 256,
    "y": 0,
    "width": 274,
    "height": 219
  },
  {
    "name": "panel_dark_blueish",
    "x": 562,
    "y": 308,
    "width": 19,
    "height": 16
  },
  {
    "name": "panel_dark_greyish",
    "x": 562,
    "y": 324,
    "width": 19,
    "height": 16
  },
  {
    "name": "panel_dark_insert",
    "x": 562,
    "y": 260,
    "width": 19,
    "height": 16
  },
  {
    "name": "panel_inset",
    "x": 562,
    "y": 414,
    "width": 16,
    "height": 16
  },
  {
    "name": "panel_inset_dark",
    "x": 481,
    "y": 463,
    "width": 39,
    "height": 24
  },
  {
    "name": "panel_light",
    "x": 562,
    "y": 188,
    "width": 23,
    "height": 19
  },
  {
    "name": "panel_mid",
    "x": 562,
    "y": 169,
    "width": 23,
    "height": 19
  },
  {
    "name": "panel_trans",
    "x": 562,
    "y": 276,
    "width": 19,
    "height": 16
  },
  {
    "name": "piano",
    "x": 419,
    "y": 319,
    "width": 82,
    "height": 24
  },
  {
    "name": "pianokey_black",
    "x": 562,
    "y": 0,
    "width": 25,
    "height": 85
  },
  {
    "name": "pianokey_black_down",
    "x": 530,
    "y": 345,
    "width": 27,
    "height": 86
  },
  {
    "name": "pianokey_white",
    "x": 530,
    "y": 0,
    "width": 32,
    "height": 123
  },
  {
    "name": "pianokey_white_down",
    "x": 530,
    "y": 123,
    "width": 32,
    "height": 122
  },
  {
    "name": "play",
    "x": 465,
    "y": 236,
    "width": 46,
    "height": 15
  },
  {
    "name": "play_active_red",
    "x": 447,
    "y": 393,
    "width": 55,
    "height": 22
  },
  {
    "name": "play_green",
    "x": 331,
    "y": 294,
    "width": 88,
    "height": 50
  },
  {
    "name": "radio_active",
    "x": 562,
    "y": 470,
    "width": 13,
    "height": 12
  },
  {
    "name": "radio_big_active",
    "x": 562,
    "y": 224,
    "width": 18,
    "height": 18
  },
  {
    "name": "radio_big_inactive",
    "x": 562,
    "y": 242,
    "width": 18,
    "height": 18
  },
  {
    "name": "radio_inactive",
    "x": 562,
    "y": 458,
    "width": 13,
    "height": 12
  },
  {
    "name": "record",
    "x": 394,
    "y": 236,
    "width": 71,
    "height": 17
  },
  {
    "name": "record_active",
    "x": 284,
    "y": 503,
    "width": 71,
    "height": 27
  },
  {
    "name": "slider_back",
    "x": 256,
    "y": 236,
    "width": 138,
    "height": 20
  },
  {
    "name": "slider_knob",
    "x": 0,
    "y": 533,
    "width": 34,
    "height": 23
  },
  {
    "name": "solo",
    "x": 355,
    "y": 503,
    "width": 44,
    "height": 21
  },
  {
    "name": "vu_green",
    "x": 576,
    "y": 395,
    "width": 10,
    "height": 15
  },
  {
    "name": "vu_green_active",
    "x": 562,
    "y": 357,
    "width": 14,
    "height": 19
  },
  {
    "name": "vu_red",
    "x": 576,
    "y": 357,
    "width": 10,
    "height": 15
  },
  {
    "name": "vu_red_active",
    "x": 562,
    "y": 376,
    "width": 14,
    "height": 19
  },
  {
    "name": "vu_yellow",
    "x": 576,
    "y": 376,
    "width": 10,
    "height": 15
  },
  {
    "name": "vu_yellow_active",
    "x": 562,
    "y": 395,
    "width": 14,
    "height": 19
  },
  {
    "name": "vubar",
    "x": 530,
    "y": 245,
    "width": 26,
    "height": 100
  }
]