[
  {
    "name": "background",
    "x": 618,
    "y": 386,
    "width": 17,
    "height": 17
  },
  {
    "name": "bar",
    "x": 618,
    "y": 222,
    "width": 18,
    "height": 84
  },
  {
    "name": "bar_hover",
    "x": 618,
    "y": 138,
    "width": 18,
    "height": 84
  },
  {
    "name": "boing",
    "x": 256,
    "y": 219,
    "width": 218,
    "height": 18
  },
  {
    "name": "button_hover_green",
    "x": 0,
    "y": 528,
    "width": 71,
    "height": 30
  },
  {
    "name": "button_inlay",
    "x": 142,
    "y": 558,
    "width": 71,
    "height": 30
  },
  {
    "name": "button_inlay_active",
    "x": 71,
    "y": 528,
    "width": 71,
    "height": 30
  },
  {
    "name": "button_inlay_blue",
    "x": 213,
    "y": 528,
    "width": 71,
    "height": 30
  },
  {
    "name": "button_inlay_blue_active",
    "x": 142,
    "y": 528,
    "width": 71,
    "height": 30
  },
  {
    "name": "button_inlay_green",
    "x": 355,
    "y": 528,
    "width": 71,
    "height": 30
  },
  {
    "name": "button_inlay_green_active",
    "x": 284,
    "y": 528,
    "width": 71,
    "height": 30
  },
  {
    "name": "button_inlay_plain",
    "x": 426,
    "y": 528,
    "width": 71,
    "height": 30
  },
  {
    "name": "button_inlay_red",
    "x": 71,
    "y": 558,
    "width": 71,
    "height": 30
  },
  {
    "name": "button_inlay_red_active",
    "x": 497,
    "y": 528,
    "width": 71,
    "height": 30
  },
  {
    "name": "button_inlay_red_hover",
    "x": 0,
    "y": 558,
    "width": 71,
    "height": 30
  },
  {
    "name": "button_light",
    "x": 331,
    "y": 294,
    "width": 132,
    "height": 38
  },
  {
    "name": "button_light_hover",
    "x": 331,
    "y": 256,
    "width": 132,
    "height": 38
  },
  {
    "name": "checkbox_off",
    "x": 618,
    "y": 457,
    "width": 14,
    "height": 14
  },
  {
    "name": "checkbox_on",
    "x": 618,
    "y": 471,
    "width": 14,
    "height": 14
  },
  {
    "name": "dropbox",
    "x": 594,
    "y": 172,
    "width": 21,
    "height": 17
  },
  {
    "name": "dropzone",
    "x": 236,
    "y": 256,
    "width": 95,
    "height": 95
  },
  {
    "name": "font",
    "x": 0,
    "y": 0,
    "width": 256,
    "height": 256
  },
  {
    "name": "disk",
    "x": 584,
    "y": 246,
    "width": 12,
    "height": 11
  },
  {
    "name": "mod",
    "x": 596,
    "y": 246,
    "width": 12,
    "height": 11
  },
  {
    "name": "module",
    "x": 584,
    "y": 257,
    "width": 12,
    "height": 11
  },
  {
    "name": "sample",
    "x": 596,
    "y": 257,
    "width": 12,
    "height": 11
  },
  {
    "name": "xm",
    "x": 584,
    "y": 277,
    "width": 12,
    "height": 11
  },
  {
    "name": "keybutton",
    "x": 445,
    "y": 332,
    "width": 38,
    "height": 18
  },
  {
    "name": "keybutton_highlight2",
    "x": 331,
    "y": 332,
    "width": 38,
    "height": 18
  },
  {
    "name": "keybutton_highlight3",
    "x": 369,
    "y": 332,
    "width": 38,
    "height": 18
  },
  {
    "name": "keybutton_hover",
    "x": 407,
    "y": 332,
    "width": 38,
    "height": 18
  },
  {
    "name": "knob_back",
    "x": 530,
    "y": 277,
    "width": 54,
    "height": 54
  },
  {
    "name": "knob_back_inactive",
    "x": 530,
    "y": 223,
    "width": 54,
    "height": 54
  },
  {
    "name": "knob_front",
    "x": 530,
    "y": 331,
    "width": 54,
    "height": 54
  },
  {
    "name": "lednumber",
    "x": 0,
    "y": 503,
    "width": 88,
    "height": 25
  },
  {
    "name": "line_hor",
    "x": 256,
    "y": 254,
    "width": 272,
    "height": 2
  },
  {
    "name": "line_ver",
    "x": 636,
    "y": 138,
    "width": 2,
    "height": 37
  },
  {
    "name": "logo_colour_70",
    "x": 0,
    "y": 363,
    "width": 339,
    "height": 70
  },
  {
    "name": "logo_grey_70",
    "x": 0,
    "y": 433,
    "width": 339,
    "height": 70
  },
  {
    "name": "menu",
    "x": 339,
    "y": 403,
    "width": 116,
    "height": 26
  },
  {
    "name": "mute",
    "x": 455,
    "y": 403,
    "width": 44,
    "height": 20
  },
  {
    "name": "oscilloscope",
    "x": 0,
    "y": 256,
    "width": 236,
    "height": 107
  },
  {
    "name": "panel_black_insert",
    "x": 618,
    "y": 306,
    "width": 19,
    "height": 16
  },
  {
    "name": "panel_dark",
    "x": 256,
    "y": 0,
    "width": 274,
    "height": 219
  },
  {
    "name": "panel_dark_blueish",
    "x": 618,
    "y": 322,
    "width": 19,
    "height": 16
  },
  {
    "name": "panel_dark_greyish",
    "x": 618,
    "y": 338,
    "width": 19,
    "height": 16
  },
  {
    "name": "panel_dark_insert",
    "x": 618,
    "y": 354,
    "width": 19,
    "height": 16
  },
  {
    "name": "panel_inset",
    "x": 618,
    "y": 441,
    "width": 16,
    "height": 16
  },
  {
    "name": "panel_inset_dark",
    "x": 463,
    "y": 294,
    "width": 39,
    "height": 24
  },
  {
    "name": "panel_light",
    "x": 594,
    "y": 134,
    "width": 23,
    "height": 19
  },
  {
    "name": "panel_mid",
    "x": 594,
    "y": 153,
    "width": 23,
    "height": 19
  },
  {
    "name": "panel_trans",
    "x": 618,
    "y": 370,
    "width": 19,
    "height": 16
  },
  {
    "name": "piano",
    "x": 88,
    "y": 503,
    "width": 82,
    "height": 24
  },
  {
    "name": "pianokey_black",
    "x": 583,
    "y": 385,
    "width": 25,
    "height": 85
  },
  {
    "name": "pianokey_black_down",
    "x": 556,
    "y": 385,
    "width": 27,
    "height": 86
  },
  {
    "name": "pianokey_white",
    "x": 530,
    "y": 100,
    "width": 32,
    "height": 123
  },
  {
    "name": "pianokey_white_down",
    "x": 562,
    "y": 100,
    "width": 32,
    "height": 122
  },
  {
    "name": "play",
    "x": 474,
    "y": 219,
    "width": 46,
    "height": 15
  },
  {
    "name": "play_active_red",
    "x": 463,
    "y": 256,
    "width": 55,
    "height": 22
  },
  {
    "name": "play_green",
    "x": 530,
    "y": 50,
    "width": 88,
    "height": 50
  },
  {
    "name": "play_green_hover",
    "x": 530,
    "y": 0,
    "width": 88,
    "height": 50
  },
  {
    "name": "radio_active",
    "x": 608,
    "y": 246,
    "width": 10,
    "height": 10
  },
  {
    "name": "radio_big_active",
    "x": 596,
    "y": 277,
    "width": 11,
    "height": 11
  },
  {
    "name": "radio_big_inactive",
    "x": 607,
    "y": 277,
    "width": 11,
    "height": 11
  },
  {
    "name": "radio_inactive",
    "x": 608,
    "y": 257,
    "width": 10,
    "height": 10
  },
  {
    "name": "record",
    "x": 256,
    "y": 237,
    "width": 71,
    "height": 17
  },
  {
    "name": "record_active",
    "x": 213,
    "y": 558,
    "width": 71,
    "height": 27
  },
  {
    "name": "record_hover",
    "x": 530,
    "y": 485,
    "width": 71,
    "height": 17
  },
  {
    "name": "slider_back",
    "x": 339,
    "y": 473,
    "width": 138,
    "height": 20
  },
  {
    "name": "slider_back_vert",
    "x": 618,
    "y": 0,
    "width": 20,
    "height": 138
  },
  {
    "name": "slider_knob",
    "x": 584,
    "y": 223,
    "width": 34,
    "height": 23
  },
  {
    "name": "slider_knob_vert",
    "x": 594,
    "y": 100,
    "width": 23,
    "height": 34
  },
  {
    "name": "solo",
    "x": 462,
    "y": 363,
    "width": 44,
    "height": 21
  },
  {
    "name": "steffest",
    "x": 339,
    "y": 363,
    "width": 123,
    "height": 40
  },
  {
    "name": "tracker",
    "x": 339,
    "y": 433,
    "width": 123,
    "height": 40
  },
  {
    "name": "vu_green",
    "x": 628,
    "y": 496,
    "width": 10,
    "height": 6
  },
  {
    "name": "vu_green_active",
    "x": 618,
    "y": 496,
    "width": 10,
    "height": 6
  },
  {
    "name": "vu_red",
    "x": 584,
    "y": 268,
    "width": 10,
    "height": 6
  },
  {
    "name": "vu_red_active",
    "x": 618,
    "y": 403,
    "width": 14,
    "height": 19
  },
  {
    "name": "vu_yellow",
    "x": 594,
    "y": 268,
    "width": 10,
    "height": 6
  },
  {
    "name": "vu_yellow_active",
    "x": 618,
    "y": 422,
    "width": 14,
    "height": 19
  },
  {
    "name": "vubar",
    "x": 530,
    "y": 385,
    "width": 26,
    "height": 100
  },
  {
    "name": "wave_saw",
    "x": 594,
    "y": 189,
    "width": 15,
    "height": 11
  },
  {
    "name": "wave_saw_inverse",
    "x": 618,
    "y": 485,
    "width": 15,
    "height": 11
  },
  {
    "name": "wave_sin",
    "x": 594,
    "y": 200,
    "width": 15,
    "height": 11
  },
  {
    "name": "wave_square",
    "x": 594,
    "y": 211,
    "width": 15,
    "height": 11
  }
]